grupo,phash,n,image_ids,paths
train,87756f91685e43c2,4,garbage-8uzha_002557.jpg;garbage-mvzg3_000067.jpg;garbage-mvzg3_000068.jpg;garbage-mvzg3_000069.jpg,data/unified/images/train/garbage-8uzha_002557.jpg;data/unified/images/train/garbage-mvzg3_000067.jpg;data/unified/images/train/garbage-mvzg3_000068.jpg;data/unified/images/train/garbage-mvzg3_000069.jpg
train,b50274dd323c5b93,4,garbage-8uzha_001743.jpg;garbage-mvzg3_000238.jpg;garbage-mvzg3_000239.jpg;garbage-mvzg3_000240.jpg,data/unified/images/train/garbage-8uzha_001743.jpg;data/unified/images/train/garbage-mvzg3_000238.jpg;data/unified/images/train/garbage-mvzg3_000239.jpg;data/unified/images/train/garbage-mvzg3_000240.jpg
train,cd0b8243f7bf4123,4,garbage-8uzha_002724.jpg;garbage-mvzg3_000196.jpg;garbage-mvzg3_000197.jpg;garbage-mvzg3_000198.jpg,data/unified/images/train/garbage-8uzha_002724.jpg;data/unified/images/train/garbage-mvzg3_000196.jpg;data/unified/images/train/garbage-mvzg3_000197.jpg;data/unified/images/train/garbage-mvzg3_000198.jpg
train,d04a2d959d9b3363,4,garbage-8uzha_001740.jpg;garbage-mvzg3_000079.jpg;garbage-mvzg3_000080.jpg;garbage-mvzg3_000081.jpg,data/unified/images/train/garbage-8uzha_001740.jpg;data/unified/images/train/garbage-mvzg3_000079.jpg;data/unified/images/train/garbage-mvzg3_000080.jpg;data/unified/images/train/garbage-mvzg3_000081.jpg
train,e7072707c7879703,4,garbage-8uzha_001367.jpg;garbage-mvzg3_000553.jpg;garbage-mvzg3_000554.jpg;garbage-mvzg3_000555.jpg,data/unified/images/train/garbage-8uzha_001367.jpg;data/unified/images/train/garbage-mvzg3_000553.jpg;data/unified/images/train/garbage-mvzg3_000554.jpg;data/unified/images/train/garbage-mvzg3_000555.jpg
train,865d7ec88fa5e184,3,garbage-8uzha_002839.jpg;garbage-mvzg3_000122.jpg;garbage-mvzg3_000123.jpg,data/unified/images/train/garbage-8uzha_002839.jpg;data/unified/images/train/garbage-mvzg3_000122.jpg;data/unified/images/train/garbage-mvzg3_000123.jpg
train,883c78c01b3ee3cf,3,garbage-mvzg3_000215.jpg;garbage-mvzg3_000216.jpg;garbage-mvzg3_000217.jpg,data/unified/images/train/garbage-mvzg3_000215.jpg;data/unified/images/train/garbage-mvzg3_000216.jpg;data/unified/images/train/garbage-mvzg3_000217.jpg
train,8c8c8dd8562e6e6e,3,garbage-mvzg3_000072.jpg;garbage-mvzg3_000073.jpg;garbage-mvzg3_000074.jpg,data/unified/images/train/garbage-mvzg3_000072.jpg;data/unified/images/train/garbage-mvzg3_000073.jpg;data/unified/images/train/garbage-mvzg3_000074.jpg
train,979694e4e4e065e3,3,garbage-mvzg3_000133.jpg;garbage-mvzg3_000134.jpg;garbage-mvzg3_000135.jpg,data/unified/images/train/garbage-mvzg3_000133.jpg;data/unified/images/train/garbage-mvzg3_000134.jpg;data/unified/images/train/garbage-mvzg3_000135.jpg
train,983458eebc31778a,3,garbage-8uzha_001663.jpg;garbage-mvzg3_000320.jpg;garbage-mvzg3_000321.jpg,data/unified/images/train/garbage-8uzha_001663.jpg;data/unified/images/train/garbage-mvzg3_000320.jpg;data/unified/images/train/garbage-mvzg3_000321.jpg
train,990f898af2b9b493,3,garbage-8uzha_001934.jpg;garbage-mvzg3_000595.jpg;garbage-mvzg3_000617.jpg,data/unified/images/train/garbage-8uzha_001934.jpg;data/unified/images/train/garbage-mvzg3_000595.jpg;data/unified/images/train/garbage-mvzg3_000617.jpg
train,9a9b901863fdc987,3,garbage-8uzha_000201.jpg;garbage-mvzg3_000050.jpg;garbage-mvzg3_000051.jpg,data/unified/images/train/garbage-8uzha_000201.jpg;data/unified/images/train/garbage-mvzg3_000050.jpg;data/unified/images/train/garbage-mvzg3_000051.jpg
train,9d95d1dd5e12232a,3,garbage-mvzg3_000343.jpg;garbage-mvzg3_000344.jpg;garbage-mvzg3_000345.jpg,data/unified/images/train/garbage-mvzg3_000343.jpg;data/unified/images/train/garbage-mvzg3_000344.jpg;data/unified/images/train/garbage-mvzg3_000345.jpg
train,acee2b335a6a50d1,3,garbage-mvzg3_000543.jpg;garbage-mvzg3_000544.jpg;garbage-mvzg3_000545.jpg,data/unified/images/train/garbage-mvzg3_000543.jpg;data/unified/images/train/garbage-mvzg3_000544.jpg;data/unified/images/train/garbage-mvzg3_000545.jpg
train,ad953449b5f561d0,3,garbage-mvzg3_000612.jpg;garbage-mvzg3_000613.jpg;garbage-mvzg3_000614.jpg,data/unified/images/train/garbage-mvzg3_000612.jpg;data/unified/images/train/garbage-mvzg3_000613.jpg;data/unified/images/train/garbage-mvzg3_000614.jpg
train,c5651858761e5f6a,3,garbage-8uzha_001764.jpg;garbage-mvzg3_000004.jpg;garbage-mvzg3_000005.jpg,data/unified/images/train/garbage-8uzha_001764.jpg;data/unified/images/train/garbage-mvzg3_000004.jpg;data/unified/images/train/garbage-mvzg3_000005.jpg
train,f3230b4f9cb451d8,3,garbage-8uzha_001175.jpg;garbage-mvzg3_000430.jpg;garbage-mvzg3_000431.jpg,data/unified/images/train/garbage-8uzha_001175.jpg;data/unified/images/train/garbage-mvzg3_000430.jpg;data/unified/images/train/garbage-mvzg3_000431.jpg
train,80027b73e3a3e5d5,2,garbage-8uzha_000652.jpg;garbage-mvzg3_000405.jpg,data/unified/images/train/garbage-8uzha_000652.jpg;data/unified/images/train/garbage-mvzg3_000405.jpg
train,803e7c75dc8d952c,2,garbage-8uzha_001258.jpg;garbage-mvzg3_000444.jpg,data/unified/images/train/garbage-8uzha_001258.jpg;data/unified/images/train/garbage-mvzg3_000444.jpg
train,804c4fa9b0f3ce7c,2,garbage-8uzha_001593.jpg;garbage-mvzg3_000737.jpg,data/unified/images/train/garbage-8uzha_001593.jpg;data/unified/images/train/garbage-mvzg3_000737.jpg
train,80e0747d2eafdd11,2,garbage-8uzha_000920.jpg;garbage-mvzg3_000446.jpg,data/unified/images/train/garbage-8uzha_000920.jpg;data/unified/images/train/garbage-mvzg3_000446.jpg
train,811e79cd2f65c417,2,garbage-8uzha_000565.jpg;garbage-mvzg3_000447.jpg,data/unified/images/train/garbage-8uzha_000565.jpg;data/unified/images/train/garbage-mvzg3_000447.jpg
train,8160b64dd663b5d9,2,garbage-8uzha_000261.jpg;garbage-mvzg3_000510.jpg,data/unified/images/train/garbage-8uzha_000261.jpg;data/unified/images/train/garbage-mvzg3_000510.jpg
train,817f5f334660c3e2,2,garbage-8uzha_002338.jpg;garbage-mvzg3_000159.jpg,data/unified/images/train/garbage-8uzha_002338.jpg;data/unified/images/train/garbage-mvzg3_000159.jpg
train,819186e69ec17d1f,2,garbage-8uzha_001108.jpg;garbage-mvzg3_000313.jpg,data/unified/images/train/garbage-8uzha_001108.jpg;data/unified/images/train/garbage-mvzg3_000313.jpg
train,82321e7ee067b46e,2,garbage-8uzha_000026.jpg;garbage-mvzg3_000285.jpg,data/unified/images/train/garbage-8uzha_000026.jpg;data/unified/images/train/garbage-mvzg3_000285.jpg
train,8373d0b0a38cf877,2,garbage-8uzha_000900.jpg;garbage-mvzg3_000694.jpg,data/unified/images/train/garbage-8uzha_000900.jpg;data/unified/images/train/garbage-mvzg3_000694.jpg
train,842e79d9d190b6e6,2,garbage-8uzha_000648.jpg;garbage-mvzg3_000208.jpg,data/unified/images/train/garbage-8uzha_000648.jpg;data/unified/images/train/garbage-mvzg3_000208.jpg
train,843a6ec73c3ab259,2,garbage-8uzha_000614.jpg;garbage-mvzg3_000536.jpg,data/unified/images/train/garbage-8uzha_000614.jpg;data/unified/images/train/garbage-mvzg3_000536.jpg
train,8445174fcb97176a,2,garbage-8uzha_002001.jpg;garbage-mvzg3_000717.jpg,data/unified/images/train/garbage-8uzha_002001.jpg;data/unified/images/train/garbage-mvzg3_000717.jpg
train,853d534a5a537e61,2,garbage-8uzha_002723.jpg;garbage-mvzg3_000003.jpg,data/unified/images/train/garbage-8uzha_002723.jpg;data/unified/images/train/garbage-mvzg3_000003.jpg
train,860c1c37fedc170d,2,garbage-8uzha_001423.jpg;garbage-mvzg3_000412.jpg,data/unified/images/train/garbage-8uzha_001423.jpg;data/unified/images/train/garbage-mvzg3_000412.jpg
train,867e1cc4c6aaa3b5,2,garbage-8uzha_001404.jpg;garbage-mvzg3_000223.jpg,data/unified/images/train/garbage-8uzha_001404.jpg;data/unified/images/train/garbage-mvzg3_000223.jpg
train,86c868c1e7cf1e1d,2,garbage-8uzha_001060.jpg;garbage-mvzg3_000106.jpg,data/unified/images/train/garbage-8uzha_001060.jpg;data/unified/images/train/garbage-mvzg3_000106.jpg
train,86c964792cb47736,2,garbage-8uzha_002412.jpg;garbage-mvzg3_000083.jpg,data/unified/images/train/garbage-8uzha_002412.jpg;data/unified/images/train/garbage-mvzg3_000083.jpg
train,8779d0c69cd96cc2,2,garbage-8uzha_002564.jpg;garbage-mvzg3_000452.jpg,data/unified/images/train/garbage-8uzha_002564.jpg;data/unified/images/train/garbage-mvzg3_000452.jpg
train,880d436343decb9f,2,garbage-8uzha_002602.jpg;garbage-mvzg3_000597.jpg,data/unified/images/train/garbage-8uzha_002602.jpg;data/unified/images/train/garbage-mvzg3_000597.jpg
train,883b4d485bca3f36,2,garbage-8uzha_000461.jpg;garbage-mvzg3_000687.jpg,data/unified/images/train/garbage-8uzha_000461.jpg;data/unified/images/train/garbage-mvzg3_000687.jpg
train,8919393917bff8c0,2,garbage-8uzha_001337.jpg;garbage-mvzg3_000463.jpg,data/unified/images/train/garbage-8uzha_001337.jpg;data/unified/images/train/garbage-mvzg3_000463.jpg
train,8b1b193929a6b6d6,2,garbage-8uzha_000437.jpg;garbage-mvzg3_000495.jpg,data/unified/images/train/garbage-8uzha_000437.jpg;data/unified/images/train/garbage-mvzg3_000495.jpg
train,8c6c595352567375,2,garbage-8uzha_000199.jpg;garbage-mvzg3_000120.jpg,data/unified/images/train/garbage-8uzha_000199.jpg;data/unified/images/train/garbage-mvzg3_000120.jpg
train,8e07dbd9c0e624f2,2,garbage-8uzha_001384.jpg;garbage-mvzg3_000402.jpg,data/unified/images/train/garbage-8uzha_001384.jpg;data/unified/images/train/garbage-mvzg3_000402.jpg
train,8f60716f2f309c9c,2,garbage-8uzha_001152.jpg;garbage-mvzg3_000499.jpg,data/unified/images/train/garbage-8uzha_001152.jpg;data/unified/images/train/garbage-mvzg3_000499.jpg
train,8fcfbfc08424592b,2,garbage-8uzha_000569.jpg;garbage-mvzg3_000662.jpg,data/unified/images/train/garbage-8uzha_000569.jpg;data/unified/images/train/garbage-mvzg3_000662.jpg
train,903470c3cfcfdf40,2,garbage-8uzha_002697.jpg;garbage-mvzg3_000556.jpg,data/unified/images/train/garbage-8uzha_002697.jpg;data/unified/images/train/garbage-mvzg3_000556.jpg
train,90b45d4d52526e6f,2,garbage-8uzha_000203.jpg;garbage-mvzg3_000176.jpg,data/unified/images/train/garbage-8uzha_000203.jpg;data/unified/images/train/garbage-mvzg3_000176.jpg
train,9113e00fbc959dd3,2,garbage-8uzha_000235.jpg;garbage-mvzg3_000643.jpg,data/unified/images/train/garbage-8uzha_000235.jpg;data/unified/images/train/garbage-mvzg3_000643.jpg
train,911b5a137a7273b2,2,garbage-8uzha_000315.jpg;garbage-mvzg3_000423.jpg,data/unified/images/train/garbage-8uzha_000315.jpg;data/unified/images/train/garbage-mvzg3_000423.jpg
train,91a71e9a93b32725,2,garbage-8uzha_000207.jpg;garbage-mvzg3_000505.jpg,data/unified/images/train/garbage-8uzha_000207.jpg;data/unified/images/train/garbage-mvzg3_000505.jpg
train,91bd93f996c0185b,2,garbage-8uzha_000465.jpg;garbage-mvzg3_000126.jpg,data/unified/images/train/garbage-8uzha_000465.jpg;data/unified/images/train/garbage-mvzg3_000126.jpg
train,92f4a05e702df5d2,2,garbage-8uzha_002726.jpg;garbage-mvzg3_000415.jpg,data/unified/images/train/garbage-8uzha_002726.jpg;data/unified/images/train/garbage-mvzg3_000415.jpg
train,93535c38574c39e6,2,garbage-8uzha_002202.jpg;garbage-mvzg3_000633.jpg,data/unified/images/train/garbage-8uzha_002202.jpg;data/unified/images/train/garbage-mvzg3_000633.jpg
train,936ca38794b76651,2,garbage-8uzha_001142.jpg;garbage-mvzg3_000056.jpg,data/unified/images/train/garbage-8uzha_001142.jpg;data/unified/images/train/garbage-mvzg3_000056.jpg
train,93730414d5d3eb2b,2,garbage-mvzg3_000523.jpg;garbage-mvzg3_000524.jpg,data/unified/images/train/garbage-mvzg3_000523.jpg;data/unified/images/train/garbage-mvzg3_000524.jpg
train,93731414d5d2eb2b,2,garbage-8uzha_001842.jpg;garbage-mvzg3_000525.jpg,data/unified/images/train/garbage-8uzha_001842.jpg;data/unified/images/train/garbage-mvzg3_000525.jpg
train,9377ebbca40c181b,2,garbage-8uzha_002868.jpg;garbage-mvzg3_000045.jpg,data/unified/images/train/garbage-8uzha_002868.jpg;data/unified/images/train/garbage-mvzg3_000045.jpg
train,9426682df1d34a3f,2,garbage-8uzha_002453.jpg;garbage-mvzg3_000454.jpg,data/unified/images/train/garbage-8uzha_002453.jpg;data/unified/images/train/garbage-mvzg3_000454.jpg
train,945e1e5b49252677,2,garbage-8uzha_001871.jpg;garbage-mvzg3_000177.jpg,data/unified/images/train/garbage-8uzha_001871.jpg;data/unified/images/train/garbage-mvzg3_000177.jpg
train,9498e0c51f7cf073,2,garbage-8uzha_002381.jpg;garbage-mvzg3_000661.jpg,data/unified/images/train/garbage-8uzha_002381.jpg;data/unified/images/train/garbage-mvzg3_000661.jpg
train,954aa2b6a8acea97,2,garbage-8uzha_000897.jpg;garbage-mvzg3_000449.jpg,data/unified/images/train/garbage-8uzha_000897.jpg;data/unified/images/train/garbage-mvzg3_000449.jpg
train,96143d3d5d5a5a8a,2,garbage-8uzha_001676.jpg;garbage-mvzg3_000082.jpg,data/unified/images/train/garbage-8uzha_001676.jpg;data/unified/images/train/garbage-mvzg3_000082.jpg
train,96267fecfc3800e1,2,garbage-mvzg3_000275.jpg;garbage-mvzg3_000277.jpg,data/unified/images/train/garbage-mvzg3_000275.jpg;data/unified/images/train/garbage-mvzg3_000277.jpg
train,981547af570b5bb0,2,garbage-8uzha_001936.jpg;garbage-mvzg3_000486.jpg,data/unified/images/train/garbage-8uzha_001936.jpg;data/unified/images/train/garbage-mvzg3_000486.jpg
train,984ce61a1cfca59b,2,garbage-8uzha_001911.jpg;garbage-mvzg3_000467.jpg,data/unified/images/train/garbage-8uzha_001911.jpg;data/unified/images/train/garbage-mvzg3_000467.jpg
train,987f1e107f07d704,2,garbage-8uzha_000886.jpg;garbage-mvzg3_000338.jpg,data/unified/images/train/garbage-8uzha_000886.jpg;data/unified/images/train/garbage-mvzg3_000338.jpg
train,99411e1abbf5521e,2,garbage-8uzha_000230.jpg;garbage-mvzg3_000246.jpg,data/unified/images/train/garbage-8uzha_000230.jpg;data/unified/images/train/garbage-mvzg3_000246.jpg
train,9958ee0615e1e3e3,2,garbage-8uzha_001823.jpg;garbage-mvzg3_000529.jpg,data/unified/images/train/garbage-8uzha_001823.jpg;data/unified/images/train/garbage-mvzg3_000529.jpg
train,9966d4a9ab656e09,2,garbage-8uzha_001527.jpg;garbage-mvzg3_000322.jpg,data/unified/images/train/garbage-8uzha_001527.jpg;data/unified/images/train/garbage-mvzg3_000322.jpg
train,9b1b5899b8b19393,2,sidewalk-segmentation_000278.jpg;sidewalk-segmentation_001388.jpg,data/unified/images/train/sidewalk-segmentation_000278.jpg;data/unified/images/train/sidewalk-segmentation_001388.jpg
train,9bd378782cad6c42,2,garbage-8uzha_000708.jpg;garbage-mvzg3_000203.jpg,data/unified/images/train/garbage-8uzha_000708.jpg;data/unified/images/train/garbage-mvzg3_000203.jpg
train,9c110e5d5df5728a,2,garbage-8uzha_001017.jpg;garbage-mvzg3_000340.jpg,data/unified/images/train/garbage-8uzha_001017.jpg;data/unified/images/train/garbage-mvzg3_000340.jpg
train,9c6f2770222f01df,2,garbage-8uzha_000179.jpg;garbage-mvzg3_000202.jpg,data/unified/images/train/garbage-8uzha_000179.jpg;data/unified/images/train/garbage-mvzg3_000202.jpg
train,9caa15a06373e2e7,2,garbage-8uzha_000885.jpg;garbage-mvzg3_000572.jpg,data/unified/images/train/garbage-8uzha_000885.jpg;data/unified/images/train/garbage-mvzg3_000572.jpg
train,9dcc0e9efc90818f,2,sidewalk-segmentation_000286.jpg;sidewalk-segmentation_001392.jpg,data/unified/images/train/sidewalk-segmentation_000286.jpg;data/unified/images/train/sidewalk-segmentation_001392.jpg
train,9e24385e4b6af233,2,taco_000633.jpg;taco_001045.jpg,data/unified/images/train/taco_000633.jpg;data/unified/images/train/taco_001045.jpg
train,9e43d9bb91d4a48a,2,garbage-8uzha_001550.jpg;garbage-mvzg3_000413.jpg,data/unified/images/train/garbage-8uzha_001550.jpg;data/unified/images/train/garbage-mvzg3_000413.jpg
train,9ef8a038b65e91c6,2,garbage-8uzha_001419.jpg;garbage-mvzg3_000598.jpg,data/unified/images/train/garbage-8uzha_001419.jpg;data/unified/images/train/garbage-mvzg3_000598.jpg
train,9fdf0c00f8ff8128,2,sidewalk-segmentation_000272.jpg;sidewalk-segmentation_001377.jpg,data/unified/images/train/sidewalk-segmentation_000272.jpg;data/unified/images/train/sidewalk-segmentation_001377.jpg
train,a0c1e1e8e7c5b6c6,2,garbage-8uzha_001398.jpg;garbage-mvzg3_000736.jpg,data/unified/images/train/garbage-8uzha_001398.jpg;data/unified/images/train/garbage-mvzg3_000736.jpg
train,a0e0d2d65e1f1f38,2,garbage-8uzha_001248.jpg;garbage-mvzg3_000532.jpg,data/unified/images/train/garbage-8uzha_001248.jpg;data/unified/images/train/garbage-mvzg3_000532.jpg
train,a2046377e797a2b2,2,garbage-8uzha_000749.jpg;garbage-mvzg3_000712.jpg,data/unified/images/train/garbage-8uzha_000749.jpg;data/unified/images/train/garbage-mvzg3_000712.jpg
train,a22869ee7af8c1d1,2,garbage-8uzha_001744.jpg;garbage-mvzg3_000634.jpg,data/unified/images/train/garbage-8uzha_001744.jpg;data/unified/images/train/garbage-mvzg3_000634.jpg
train,a32c6b5ad6087d72,2,garbage-8uzha_002635.jpg;garbage-mvzg3_000241.jpg,data/unified/images/train/garbage-8uzha_002635.jpg;data/unified/images/train/garbage-mvzg3_000241.jpg
train,a3a6535b4b9b8aa8,2,garbage-8uzha_001987.jpg;garbage-mvzg3_000054.jpg,data/unified/images/train/garbage-8uzha_001987.jpg;data/unified/images/train/garbage-mvzg3_000054.jpg
train,a574e739d80b2647,2,garbage-8uzha_002884.jpg;garbage-mvzg3_000262.jpg,data/unified/images/train/garbage-8uzha_002884.jpg;data/unified/images/train/garbage-mvzg3_000262.jpg
train,a62b450c3cf3133f,2,garbage-8uzha_001821.jpg;garbage-mvzg3_000375.jpg,data/unified/images/train/garbage-8uzha_001821.jpg;data/unified/images/train/garbage-mvzg3_000375.jpg
train,a6e6666b295949a9,2,garbage-8uzha_002817.jpg;garbage-mvzg3_000420.jpg,data/unified/images/train/garbage-8uzha_002817.jpg;data/unified/images/train/garbage-mvzg3_000420.jpg
train,a72f6389f95050ba,2,garbage-8uzha_001243.jpg;garbage-mvzg3_000095.jpg,data/unified/images/train/garbage-8uzha_001243.jpg;data/unified/images/train/garbage-mvzg3_000095.jpg
train,a769c30668a7f456,2,garbage-8uzha_000010.jpg;garbage-mvzg3_000174.jpg,data/unified/images/train/garbage-8uzha_000010.jpg;data/unified/images/train/garbage-mvzg3_000174.jpg
train,aa3e6b927d310798,2,garbage-8uzha_000694.jpg;garbage-mvzg3_000020.jpg,data/unified/images/train/garbage-8uzha_000694.jpg;data/unified/images/train/garbage-mvzg3_000020.jpg
train,aadbb6a540ab3549,2,garbage-8uzha_002137.jpg;garbage-mvzg3_000620.jpg,data/unified/images/train/garbage-8uzha_002137.jpg;data/unified/images/train/garbage-mvzg3_000620.jpg
train,ab600f6c5b0a96de,2,garbage-8uzha_002034.jpg;garbage-mvzg3_000521.jpg,data/unified/images/train/garbage-8uzha_002034.jpg;data/unified/images/train/garbage-mvzg3_000521.jpg
train,abd43bb5885d4c2c,2,sidewalk-segmentation_000275.jpg;sidewalk-segmentation_001385.jpg,data/unified/images/train/sidewalk-segmentation_000275.jpg;data/unified/images/train/sidewalk-segmentation_001385.jpg
train,ac0d4a6963d39b33,2,garbage-8uzha_000824.jpg;garbage-mvzg3_000647.jpg,data/unified/images/train/garbage-8uzha_000824.jpg;data/unified/images/train/garbage-mvzg3_000647.jpg
train,ac2e5b5219331b6b,2,garbage-8uzha_000673.jpg;garbage-mvzg3_000187.jpg,data/unified/images/train/garbage-8uzha_000673.jpg;data/unified/images/train/garbage-mvzg3_000187.jpg
train,ad26474d4e5f3870,2,garbage-8uzha_001414.jpg;garbage-mvzg3_000453.jpg,data/unified/images/train/garbage-8uzha_001414.jpg;data/unified/images/train/garbage-mvzg3_000453.jpg
train,ad2d7555535a6a28,2,garbage-8uzha_001629.jpg;garbage-mvzg3_000186.jpg,data/unified/images/train/garbage-8uzha_001629.jpg;data/unified/images/train/garbage-mvzg3_000186.jpg
train,ae73ecbba8109386,2,garbage-8uzha_000975.jpg;garbage-mvzg3_000730.jpg,data/unified/images/train/garbage-8uzha_000975.jpg;data/unified/images/train/garbage-mvzg3_000730.jpg
train,af7be088c401abfa,2,garbage-8uzha_001539.jpg;garbage-mvzg3_000365.jpg,data/unified/images/train/garbage-8uzha_001539.jpg;data/unified/images/train/garbage-mvzg3_000365.jpg
train,b121a9b457da6a66,2,garbage-8uzha_000440.jpg;garbage-mvzg3_000339.jpg,data/unified/images/train/garbage-8uzha_000440.jpg;data/unified/images/train/garbage-mvzg3_000339.jpg
train,b2b2a5e549eb92a4,2,sidewalk-segmentation_000281.jpg;sidewalk-segmentation_001380.jpg,data/unified/images/train/sidewalk-segmentation_000281.jpg;data/unified/images/train/sidewalk-segmentation_001380.jpg
train,b3115a69e5d5c28b,2,sidewalk-segmentation_000270.jpg;sidewalk-segmentation_001382.jpg,data/unified/images/train/sidewalk-segmentation_000270.jpg;data/unified/images/train/sidewalk-segmentation_001382.jpg
train,b82d77e203c9c173,2,garbage-8uzha_000490.jpg;garbage-mvzg3_000567.jpg,data/unified/images/train/garbage-8uzha_000490.jpg;data/unified/images/train/garbage-mvzg3_000567.jpg
train,b83c3c581eded650,2,garbage-8uzha_001786.jpg;garbage-mvzg3_000301.jpg,data/unified/images/train/garbage-8uzha_001786.jpg;data/unified/images/train/garbage-mvzg3_000301.jpg
train,b8b0b7de38054736,2,garbage-8uzha_000592.jpg;garbage-mvzg3_000407.jpg,data/unified/images/train/garbage-8uzha_000592.jpg;data/unified/images/train/garbage-mvzg3_000407.jpg
train,b8b83d26e92bd834,2,garbage-8uzha_000045.jpg;garbage-mvzg3_000573.jpg,data/unified/images/train/garbage-8uzha_000045.jpg;data/unified/images/train/garbage-mvzg3_000573.jpg
train,b9a302ddbd38e0c5,2,garbage-8uzha_001515.jpg;garbage-mvzg3_000385.jpg,data/unified/images/train/garbage-8uzha_001515.jpg;data/unified/images/train/garbage-mvzg3_000385.jpg
train,b9bfc58c7241ec82,2,garbage-8uzha_000778.jpg;garbage-mvzg3_000022.jpg,data/unified/images/train/garbage-8uzha_000778.jpg;data/unified/images/train/garbage-mvzg3_000022.jpg
train,bb29e6fa2c00b4da,2,garbage-8uzha_000482.jpg;garbage-mvzg3_000236.jpg,data/unified/images/train/garbage-8uzha_000482.jpg;data/unified/images/train/garbage-mvzg3_000236.jpg
train,bcc647388acb6659,2,garbage-8uzha_002599.jpg;garbage-mvzg3_000078.jpg,data/unified/images/train/garbage-8uzha_002599.jpg;data/unified/images/train/garbage-mvzg3_000078.jpg
train,be4321d025987b7b,2,garbage-8uzha_001996.jpg;garbage-mvzg3_000374.jpg,data/unified/images/train/garbage-8uzha_001996.jpg;data/unified/images/train/garbage-mvzg3_000374.jpg
train,c30726b4f0f14b4f,2,garbage-8uzha_002185.jpg;garbage-mvzg3_000483.jpg,data/unified/images/train/garbage-8uzha_002185.jpg;data/unified/images/train/garbage-mvzg3_000483.jpg
train,c36d3cd0c333e926,2,garbage-8uzha_000110.jpg;garbage-mvzg3_000711.jpg,data/unified/images/train/garbage-8uzha_000110.jpg;data/unified/images/train/garbage-mvzg3_000711.jpg
train,c36d5e2bad504aaa,2,garbage-8uzha_001847.jpg;garbage-mvzg3_000448.jpg,data/unified/images/train/garbage-8uzha_001847.jpg;data/unified/images/train/garbage-mvzg3_000448.jpg
train,c44a3f3e3a323533,2,garbage-8uzha_002870.jpg;garbage-mvzg3_000513.jpg,data/unified/images/train/garbage-8uzha_002870.jpg;data/unified/images/train/garbage-mvzg3_000513.jpg
train,c4e6a275730a7955,2,garbage-8uzha_000634.jpg;garbage-mvzg3_000173.jpg,data/unified/images/train/garbage-8uzha_000634.jpg;data/unified/images/train/garbage-mvzg3_000173.jpg
train,c57d0f20fe23117a,2,garbage-8uzha_000470.jpg;garbage-mvzg3_000157.jpg,data/unified/images/train/garbage-8uzha_000470.jpg;data/unified/images/train/garbage-mvzg3_000157.jpg
train,c6293373ccc83973,2,taco_000762.jpg;taco_000919.jpg,data/unified/images/train/taco_000762.jpg;data/unified/images/train/taco_000919.jpg
train,c6721c071f0fc3d5,2,garbage-8uzha_002016.jpg;garbage-mvzg3_000436.jpg,data/unified/images/train/garbage-8uzha_002016.jpg;data/unified/images/train/garbage-mvzg3_000436.jpg
train,c79d38c79931a626,2,garbage-8uzha_000368.jpg;garbage-mvzg3_000594.jpg,data/unified/images/train/garbage-8uzha_000368.jpg;data/unified/images/train/garbage-mvzg3_000594.jpg
train,c80c9f3d7cb4d151,2,garbage-8uzha_000406.jpg;garbage-mvzg3_000308.jpg,data/unified/images/train/garbage-8uzha_000406.jpg;data/unified/images/train/garbage-mvzg3_000308.jpg
train,c935122f56a9f4e2,2,garbage-8uzha_002674.jpg;garbage-mvzg3_000156.jpg,data/unified/images/train/garbage-8uzha_002674.jpg;data/unified/images/train/garbage-mvzg3_000156.jpg
train,c95b1b191909f0fd,2,garbage-8uzha_001709.jpg;garbage-mvzg3_000672.jpg,data/unified/images/train/garbage-8uzha_001709.jpg;data/unified/images/train/garbage-mvzg3_000672.jpg
train,c9699c39707838f9,2,garbage-8uzha_001955.jpg;garbage-mvzg3_000017.jpg,data/unified/images/train/garbage-8uzha_001955.jpg;data/unified/images/train/garbage-mvzg3_000017.jpg
train,c9c94b6b13e2fa14,2,garbage-8uzha_002522.jpg;garbage-mvzg3_000723.jpg,data/unified/images/train/garbage-8uzha_002522.jpg;data/unified/images/train/garbage-mvzg3_000723.jpg
train,ca4ac910b1cf5797,2,garbage-8uzha_001399.jpg;garbage-mvzg3_000500.jpg,data/unified/images/train/garbage-8uzha_001399.jpg;data/unified/images/train/garbage-mvzg3_000500.jpg
train,ca5231e2df1d708e,2,garbage-8uzha_001889.jpg;garbage-mvzg3_000256.jpg,data/unified/images/train/garbage-8uzha_001889.jpg;data/unified/images/train/garbage-mvzg3_000256.jpg
train,cb664fb7a8d8c2a0,2,garbage-8uzha_002568.jpg;garbage-mvzg3_000673.jpg,data/unified/images/train/garbage-8uzha_002568.jpg;data/unified/images/train/garbage-mvzg3_000673.jpg
train,cb8e2b2a2e0f5939,2,garbage-8uzha_000929.jpg;garbage-mvzg3_000306.jpg,data/unified/images/train/garbage-8uzha_000929.jpg;data/unified/images/train/garbage-mvzg3_000306.jpg
train,cba5333b1989ccf0,2,garbage-8uzha_001886.jpg;garbage-mvzg3_000086.jpg,data/unified/images/train/garbage-8uzha_001886.jpg;data/unified/images/train/garbage-mvzg3_000086.jpg
train,cce7f383c08e260f,2,garbage-8uzha_002095.jpg;garbage-mvzg3_000046.jpg,data/unified/images/train/garbage-8uzha_002095.jpg;data/unified/images/train/garbage-mvzg3_000046.jpg
train,cd07273a9343cb66,2,garbage-8uzha_001572.jpg;garbage-mvzg3_000032.jpg,data/unified/images/train/garbage-8uzha_001572.jpg;data/unified/images/train/garbage-mvzg3_000032.jpg
train,cd4c6a637276f0c2,2,garbage-8uzha_002701.jpg;garbage-mvzg3_000520.jpg,data/unified/images/train/garbage-8uzha_002701.jpg;data/unified/images/train/garbage-mvzg3_000520.jpg
train,cd71e43a8c3e190f,2,garbage-8uzha_001625.jpg;garbage-mvzg3_000636.jpg,data/unified/images/train/garbage-8uzha_001625.jpg;data/unified/images/train/garbage-mvzg3_000636.jpg
train,cd7af43208185f6e,2,garbage-8uzha_001256.jpg;garbage-mvzg3_000709.jpg,data/unified/images/train/garbage-8uzha_001256.jpg;data/unified/images/train/garbage-mvzg3_000709.jpg
train,d063675b6d4caa15,2,garbage-8uzha_002814.jpg;garbage-mvzg3_000646.jpg,data/unified/images/train/garbage-8uzha_002814.jpg;data/unified/images/train/garbage-mvzg3_000646.jpg
train,d09cf4553a3ecc0e,2,garbage-8uzha_001294.jpg;garbage-mvzg3_000065.jpg,data/unified/images/train/garbage-8uzha_001294.jpg;data/unified/images/train/garbage-mvzg3_000065.jpg
train,d4306b6b373cc487,2,garbage-8uzha_001281.jpg;garbage-mvzg3_000626.jpg,data/unified/images/train/garbage-8uzha_001281.jpg;data/unified/images/train/garbage-mvzg3_000626.jpg
train,d47727b9988a9c51,2,garbage-8uzha_001687.jpg;garbage-mvzg3_000488.jpg,data/unified/images/train/garbage-8uzha_001687.jpg;data/unified/images/train/garbage-mvzg3_000488.jpg
train,d5000b97972e7c7c,2,garbage-8uzha_002714.jpg;garbage-mvzg3_000012.jpg,data/unified/images/train/garbage-8uzha_002714.jpg;data/unified/images/train/garbage-mvzg3_000012.jpg
train,d57e38d84a613723,2,garbage-8uzha_001225.jpg;garbage-mvzg3_000085.jpg,data/unified/images/train/garbage-8uzha_001225.jpg;data/unified/images/train/garbage-mvzg3_000085.jpg
train,d5a91b16351b619b,2,garbage-8uzha_002064.jpg;garbage-mvzg3_000356.jpg,data/unified/images/train/garbage-8uzha_002064.jpg;data/unified/images/train/garbage-mvzg3_000356.jpg
train,d621141a1d5e7f6a,2,garbage-8uzha_000969.jpg;garbage-mvzg3_000098.jpg,data/unified/images/train/garbage-8uzha_000969.jpg;data/unified/images/train/garbage-mvzg3_000098.jpg
train,d6663c1a1ac6c76a,2,garbage-8uzha_000370.jpg;garbage-mvzg3_000023.jpg,data/unified/images/train/garbage-8uzha_000370.jpg;data/unified/images/train/garbage-mvzg3_000023.jpg
train,d666425b5b2a7698,2,garbage-8uzha_002120.jpg;garbage-mvzg3_000692.jpg,data/unified/images/train/garbage-8uzha_002120.jpg;data/unified/images/train/garbage-mvzg3_000692.jpg
train,d74e65692436b662,2,garbage-8uzha_002829.jpg;garbage-mvzg3_000286.jpg,data/unified/images/train/garbage-8uzha_002829.jpg;data/unified/images/train/garbage-mvzg3_000286.jpg
train,d8276dc235fb40c9,2,garbage-8uzha_002132.jpg;garbage-mvzg3_000327.jpg,data/unified/images/train/garbage-8uzha_002132.jpg;data/unified/images/train/garbage-mvzg3_000327.jpg
train,d87b3c8758e4e1b0,2,garbage-8uzha_002792.jpg;garbage-mvzg3_000290.jpg,data/unified/images/train/garbage-8uzha_002792.jpg;data/unified/images/train/garbage-mvzg3_000290.jpg
train,d91e240da53353de,2,garbage-8uzha_001223.jpg;garbage-mvzg3_000016.jpg,data/unified/images/train/garbage-8uzha_001223.jpg;data/unified/images/train/garbage-mvzg3_000016.jpg
train,d93749e19c8f38c1,2,garbage-8uzha_002430.jpg;garbage-mvzg3_000376.jpg,data/unified/images/train/garbage-8uzha_002430.jpg;data/unified/images/train/garbage-mvzg3_000376.jpg
train,d93bb9800f2f20b7,2,garbage-8uzha_002514.jpg;garbage-mvzg3_000611.jpg,data/unified/images/train/garbage-8uzha_002514.jpg;data/unified/images/train/garbage-mvzg3_000611.jpg
train,d9541625263bf879,2,garbage-8uzha_001171.jpg;garbage-mvzg3_000699.jpg,data/unified/images/train/garbage-8uzha_001171.jpg;data/unified/images/train/garbage-mvzg3_000699.jpg
train,da89b3e192d470d6,2,garbage-8uzha_001938.jpg;garbage-mvzg3_000188.jpg,data/unified/images/train/garbage-8uzha_001938.jpg;data/unified/images/train/garbage-mvzg3_000188.jpg
train,dc5c48c0810f6f7f,2,garbage-8uzha_000409.jpg;garbage-mvzg3_000178.jpg,data/unified/images/train/garbage-8uzha_000409.jpg;data/unified/images/train/garbage-mvzg3_000178.jpg
train,de3c3c785343c784,2,garbage-8uzha_002737.jpg;garbage-mvzg3_000419.jpg,data/unified/images/train/garbage-8uzha_002737.jpg;data/unified/images/train/garbage-mvzg3_000419.jpg
train,de591cb2eb109fc0,2,garbage-8uzha_002598.jpg;garbage-mvzg3_000462.jpg,data/unified/images/train/garbage-8uzha_002598.jpg;data/unified/images/train/garbage-mvzg3_000462.jpg
train,dece8f0f06a61519,2,garbage-8uzha_002370.jpg;garbage-mvzg3_000608.jpg,data/unified/images/train/garbage-8uzha_002370.jpg;data/unified/images/train/garbage-mvzg3_000608.jpg
train,dff800835f60b71a,2,sidewalk-segmentation_000277.jpg;sidewalk-segmentation_001383.jpg,data/unified/images/train/sidewalk-segmentation_000277.jpg;data/unified/images/train/sidewalk-segmentation_001383.jpg
train,e10d72ba0dc55b4b,2,garbage-8uzha_001269.jpg;garbage-mvzg3_000329.jpg,data/unified/images/train/garbage-8uzha_001269.jpg;data/unified/images/train/garbage-mvzg3_000329.jpg
train,e3430de8cf0c38f3,2,garbage-8uzha_000717.jpg;garbage-mvzg3_000654.jpg,data/unified/images/train/garbage-8uzha_000717.jpg;data/unified/images/train/garbage-mvzg3_000654.jpg
train,e38f2e7053098af5,2,garbage-8uzha_000615.jpg;garbage-mvzg3_000516.jpg,data/unified/images/train/garbage-8uzha_000615.jpg;data/unified/images/train/garbage-mvzg3_000516.jpg
train,e47c2abc587a3394,2,garbage-8uzha_002036.jpg;garbage-mvzg3_000257.jpg,data/unified/images/train/garbage-8uzha_002036.jpg;data/unified/images/train/garbage-mvzg3_000257.jpg
train,e5694962e3b0dc33,2,garbage-8uzha_000810.jpg;garbage-mvzg3_000263.jpg,data/unified/images/train/garbage-8uzha_000810.jpg;data/unified/images/train/garbage-mvzg3_000263.jpg
train,e8a9adb4b49456d4,2,garbage-8uzha_000142.jpg;garbage-mvzg3_000564.jpg,data/unified/images/train/garbage-8uzha_000142.jpg;data/unified/images/train/garbage-mvzg3_000564.jpg
train,e8d2e2471de96427,2,garbage-8uzha_001088.jpg;garbage-mvzg3_000303.jpg,data/unified/images/train/garbage-8uzha_001088.jpg;data/unified/images/train/garbage-mvzg3_000303.jpg
train,e8e2e3f9f0580c2e,2,garbage-8uzha_000393.jpg;garbage-mvzg3_000099.jpg,data/unified/images/train/garbage-8uzha_000393.jpg;data/unified/images/train/garbage-mvzg3_000099.jpg
train,ea6e27133bab06c4,2,garbage-8uzha_000761.jpg;garbage-mvzg3_000232.jpg,data/unified/images/train/garbage-8uzha_000761.jpg;data/unified/images/train/garbage-mvzg3_000232.jpg
train,ea70552baab4f2d0,2,garbage-8uzha_001762.jpg;garbage-mvzg3_000042.jpg,data/unified/images/train/garbage-8uzha_001762.jpg;data/unified/images/train/garbage-mvzg3_000042.jpg
train,ea72f61d2dc70621,2,garbage-8uzha_000870.jpg;garbage-mvzg3_000242.jpg,data/unified/images/train/garbage-8uzha_000870.jpg;data/unified/images/train/garbage-mvzg3_000242.jpg
train,eaaaa2c547875371,2,garbage-mvzg3_000028.jpg;garbage-mvzg3_000029.jpg,data/unified/images/train/garbage-mvzg3_000028.jpg;data/unified/images/train/garbage-mvzg3_000029.jpg
train,ec27ec1629dd8478,2,garbage-8uzha_002198.jpg;garbage-mvzg3_000542.jpg,data/unified/images/train/garbage-8uzha_002198.jpg;data/unified/images/train/garbage-mvzg3_000542.jpg
train,ec35d00c555e9c1f,2,garbage-8uzha_002086.jpg;garbage-mvzg3_000158.jpg,data/unified/images/train/garbage-8uzha_002086.jpg;data/unified/images/train/garbage-mvzg3_000158.jpg
train,ec36879ce4818cf3,2,garbage-8uzha_002214.jpg;garbage-mvzg3_000264.jpg,data/unified/images/train/garbage-8uzha_002214.jpg;data/unified/images/train/garbage-mvzg3_000264.jpg
train,ed6a57d517a3102c,2,garbage-8uzha_001777.jpg;garbage-mvzg3_000726.jpg,data/unified/images/train/garbage-8uzha_001777.jpg;data/unified/images/train/garbage-mvzg3_000726.jpg
train,f0a1272ba19b1f1e,2,garbage-8uzha_001729.jpg;garbage-mvzg3_000103.jpg,data/unified/images/train/garbage-8uzha_001729.jpg;data/unified/images/train/garbage-mvzg3_000103.jpg
train,f24a6b8f1b331a0b,2,garbage-mvzg3_000117.jpg;garbage-mvzg3_000119.jpg,data/unified/images/train/garbage-mvzg3_000117.jpg;data/unified/images/train/garbage-mvzg3_000119.jpg
train,f370a3c6c91c18bd,2,garbage-8uzha_002752.jpg;garbage-mvzg3_000348.jpg,data/unified/images/train/garbage-8uzha_002752.jpg;data/unified/images/train/garbage-mvzg3_000348.jpg
train,f3c35c082d2077f6,2,sidewalk-segmentation_000269.jpg;sidewalk-segmentation_001375.jpg,data/unified/images/train/sidewalk-segmentation_000269.jpg;data/unified/images/train/sidewalk-segmentation_001375.jpg
train,f3e2f53c0c8cc6c2,2,sidewalk-segmentation_000279.jpg;sidewalk-segmentation_001391.jpg,data/unified/images/train/sidewalk-segmentation_000279.jpg;data/unified/images/train/sidewalk-segmentation_001391.jpg
train,f4628cd49ab5752c,2,garbage-8uzha_000061.jpg;garbage-mvzg3_000602.jpg,data/unified/images/train/garbage-8uzha_000061.jpg;data/unified/images/train/garbage-mvzg3_000602.jpg
train,f4d29e5e30b04bd8,2,garbage-8uzha_000803.jpg;garbage-mvzg3_000328.jpg,data/unified/images/train/garbage-8uzha_000803.jpg;data/unified/images/train/garbage-mvzg3_000328.jpg
train,f5657d481b3a221e,2,garbage-8uzha_001155.jpg;garbage-mvzg3_000092.jpg,data/unified/images/train/garbage-8uzha_001155.jpg;data/unified/images/train/garbage-mvzg3_000092.jpg
train,f62de03861636b63,2,garbage-8uzha_001030.jpg;garbage-mvzg3_000077.jpg,data/unified/images/train/garbage-8uzha_001030.jpg;data/unified/images/train/garbage-mvzg3_000077.jpg
train,f7737f2a1c0c0c8c,2,garbage-8uzha_002520.jpg;garbage-mvzg3_000114.jpg,data/unified/images/train/garbage-8uzha_002520.jpg;data/unified/images/train/garbage-mvzg3_000114.jpg
train,f961b3db83ca8c18,2,garbage-8uzha_001335.jpg;garbage-mvzg3_000342.jpg,data/unified/images/train/garbage-8uzha_001335.jpg;data/unified/images/train/garbage-mvzg3_000342.jpg
train,f974f97ce0012789,2,garbage-8uzha_002169.jpg;garbage-mvzg3_000601.jpg,data/unified/images/train/garbage-8uzha_002169.jpg;data/unified/images/train/garbage-mvzg3_000601.jpg
train,fc4f6814487d361b,2,garbage-8uzha_002068.jpg;garbage-mvzg3_000504.jpg,data/unified/images/train/garbage-8uzha_002068.jpg;data/unified/images/train/garbage-mvzg3_000504.jpg
train,fc98bcf003f9112d,2,garbage-8uzha_002331.jpg;garbage-mvzg3_000151.jpg,data/unified/images/train/garbage-8uzha_002331.jpg;data/unified/images/train/garbage-mvzg3_000151.jpg
train,ff0404bfaa98f898,2,garbage-8uzha_002352.jpg;garbage-mvzg3_000615.jpg,data/unified/images/train/garbage-8uzha_002352.jpg;data/unified/images/train/garbage-mvzg3_000615.jpg
train,ff1372342833cac6,2,garbage-8uzha_001052.jpg;garbage-mvzg3_000041.jpg,data/unified/images/train/garbage-8uzha_001052.jpg;data/unified/images/train/garbage-mvzg3_000041.jpg
train,ff3e82688f4eb440,2,garbage-8uzha_000312.jpg;garbage-mvzg3_000681.jpg,data/unified/images/train/garbage-8uzha_000312.jpg;data/unified/images/train/garbage-mvzg3_000681.jpg
train,807da723bc3c3cf0,1,garbage-8uzha_001790.jpg,data/unified/images/train/garbage-8uzha_001790.jpg
train,809e849cfe3e3e43,1,garbage-8uzha_001755.jpg,data/unified/images/train/garbage-8uzha_001755.jpg
train,812b4c3cb923e7da,1,garbage-mvzg3_000265.jpg,data/unified/images/train/garbage-mvzg3_000265.jpg
train,83a11eccdc927bc5,1,garbage-mvzg3_000021.jpg,data/unified/images/train/garbage-mvzg3_000021.jpg
train,88386c5c1fb0adcf,1,garbage-8uzha_001534.jpg,data/unified/images/train/garbage-8uzha_001534.jpg
train,894de51b5ee6a498,1,garbage-mvzg3_000066.jpg,data/unified/images/train/garbage-mvzg3_000066.jpg
train,8c2448cc1b1b3ffb,1,garbage-mvzg3_000461.jpg,data/unified/images/train/garbage-mvzg3_000461.jpg
train,8db8f0c798d6d491,1,garbage-8uzha_001895.jpg,data/unified/images/train/garbage-8uzha_001895.jpg
train,8ee23899b4e2a3d3,1,garbage-8uzha_002222.jpg,data/unified/images/train/garbage-8uzha_002222.jpg
train,8fc1981b3bf3a322,1,sidewalk-segmentation_000276.jpg,data/unified/images/train/sidewalk-segmentation_000276.jpg
train,917966ca47345e69,1,garbage-mvzg3_000307.jpg,data/unified/images/train/garbage-mvzg3_000307.jpg
train,952ebc4423d5c717,1,garbage-mvzg3_000579.jpg,data/unified/images/train/garbage-mvzg3_000579.jpg
train,95358e428998cf77,1,garbage-mvzg3_000653.jpg,data/unified/images/train/garbage-mvzg3_000653.jpg
train,96267ffcfc3800c1,1,garbage-mvzg3_000276.jpg,data/unified/images/train/garbage-mvzg3_000276.jpg
train,97525bcfe1212713,1,garbage-8uzha_002648.jpg,data/unified/images/train/garbage-8uzha_002648.jpg
train,9978668ebcb0a38e,1,garbage-8uzha_000966.jpg,data/unified/images/train/garbage-8uzha_000966.jpg
train,99bcd459c96ce829,1,garbage-mvzg3_000458.jpg,data/unified/images/train/garbage-mvzg3_000458.jpg
train,9f43707f20305d5e,1,garbage-mvzg3_000129.jpg,data/unified/images/train/garbage-mvzg3_000129.jpg
train,a434056fc746ecad,1,garbage-mvzg3_000226.jpg,data/unified/images/train/garbage-mvzg3_000226.jpg
train,a669d916cbe6188d,1,garbage-mvzg3_000183.jpg,data/unified/images/train/garbage-mvzg3_000183.jpg
train,a725a7854b955473,1,garbage-8uzha_002316.jpg,data/unified/images/train/garbage-8uzha_002316.jpg
train,ab5a3a3b5347c492,1,garbage-8uzha_002506.jpg,data/unified/images/train/garbage-8uzha_002506.jpg
train,aca6e49496b73272,1,garbage-8uzha_001044.jpg,data/unified/images/train/garbage-8uzha_001044.jpg
train,ad5485af94453f34,1,garbage-8uzha_000576.jpg,data/unified/images/train/garbage-8uzha_000576.jpg
train,ae0e8e4b9e3c9662,1,garbage-mvzg3_000230.jpg,data/unified/images/train/garbage-mvzg3_000230.jpg
train,b3115a69acd5ca8b,1,sidewalk-segmentation_000568.jpg,data/unified/images/train/sidewalk-segmentation_000568.jpg
train,bf38356131c724e5,1,garbage-mvzg3_000270.jpg,data/unified/images/train/garbage-mvzg3_000270.jpg
train,c0c0767dc1ed325e,1,sidewalk-segmentation_000581.jpg,data/unified/images/train/sidewalk-segmentation_000581.jpg
train,c26de35b860d7a43,1,garbage-8uzha_001557.jpg,data/unified/images/train/garbage-8uzha_001557.jpg
train,c31b7bd8ac906565,1,garbage-8uzha_000040.jpg,data/unified/images/train/garbage-8uzha_000040.jpg
train,c5b042c77467c6f4,1,garbage-8uzha_002864.jpg,data/unified/images/train/garbage-8uzha_002864.jpg
train,c7636060c3c397d7,1,garbage-8uzha_001582.jpg,data/unified/images/train/garbage-8uzha_001582.jpg
train,c9f8551ed8d8c11b,1,garbage-mvzg3_000571.jpg,data/unified/images/train/garbage-mvzg3_000571.jpg
train,cab59545adda9468,1,garbage-mvzg3_000629.jpg,data/unified/images/train/garbage-mvzg3_000629.jpg
train,cb360a2c77589c9b,1,garbage-8uzha_000763.jpg,data/unified/images/train/garbage-8uzha_000763.jpg
train,cd718433c3838fe9,1,garbage-8uzha_001382.jpg,data/unified/images/train/garbage-8uzha_001382.jpg
train,ce4e079783c54f4c,1,garbage-mvzg3_000061.jpg,data/unified/images/train/garbage-mvzg3_000061.jpg
train,d0d40d1b07d9f8f1,1,garbage-mvzg3_000721.jpg,data/unified/images/train/garbage-mvzg3_000721.jpg
train,d37e36848985f271,1,garbage-mvzg3_000727.jpg,data/unified/images/train/garbage-mvzg3_000727.jpg
train,d567662819596937,1,garbage-mvzg3_000422.jpg,data/unified/images/train/garbage-mvzg3_000422.jpg
train,d65ce2ac294e0e2f,1,garbage-8uzha_000174.jpg,data/unified/images/train/garbage-8uzha_000174.jpg
train,d9594b290dadd5c8,1,garbage-8uzha_001849.jpg,data/unified/images/train/garbage-8uzha_001849.jpg
train,d95b3a1aba2a2d25,1,garbage-mvzg3_000535.jpg,data/unified/images/train/garbage-mvzg3_000535.jpg
train,e389ebc546ea8516,1,garbage-mvzg3_000666.jpg,data/unified/images/train/garbage-mvzg3_000666.jpg
train,e40e5e14f0785f95,1,garbage-8uzha_000060.jpg,data/unified/images/train/garbage-8uzha_000060.jpg
train,e51974dbd8ca2a2a,1,garbage-8uzha_002488.jpg,data/unified/images/train/garbage-8uzha_002488.jpg
train,e767678e9ecc0414,1,garbage-8uzha_000325.jpg,data/unified/images/train/garbage-8uzha_000325.jpg
train,e8ff4206cf123bc8,1,garbage-8uzha_002046.jpg,data/unified/images/train/garbage-8uzha_002046.jpg
train,e9db291bb2924b49,1,garbage-mvzg3_000565.jpg,data/unified/images/train/garbage-mvzg3_000565.jpg
train,ee44cc598dcc6798,1,garbage-mvzg3_000648.jpg,data/unified/images/train/garbage-mvzg3_000648.jpg
train,f27461afb0325959,1,garbage-8uzha_002029.jpg,data/unified/images/train/garbage-8uzha_002029.jpg
train,f89f546868a55e94,1,garbage-8uzha_001948.jpg,data/unified/images/train/garbage-8uzha_001948.jpg
train,fc1fcc9023734f14,1,garbage-8uzha_002285.jpg,data/unified/images/train/garbage-8uzha_002285.jpg
train,ffe3031f1f1c1406,1,garbage-mvzg3_000596.jpg,data/unified/images/train/garbage-mvzg3_000596.jpg
val,880e7d7fcac14353,2,garbage-8uzha_000448.jpg;garbage-mvzg3_000115.jpg,data/unified/images/val/garbage-8uzha_000448.jpg;data/unified/images/val/garbage-mvzg3_000115.jpg
val,b52575a5a588296f,2,garbage-8uzha_000020.jpg;garbage-mvzg3_000123.jpg,data/unified/images/val/garbage-8uzha_000020.jpg;data/unified/images/val/garbage-mvzg3_000123.jpg
val,ba600fbf0f9906aa,2,garbage-8uzha_000228.jpg;garbage-mvzg3_000084.jpg,data/unified/images/val/garbage-8uzha_000228.jpg;data/unified/images/val/garbage-mvzg3_000084.jpg
val,c9a93329bd92989d,2,garbage-8uzha_000180.jpg;garbage-mvzg3_000066.jpg,data/unified/images/val/garbage-8uzha_000180.jpg;data/unified/images/val/garbage-mvzg3_000066.jpg
val,d554636832533abb,2,garbage-mvzg3_000073.jpg;garbage-mvzg3_000074.jpg,data/unified/images/val/garbage-mvzg3_000073.jpg;data/unified/images/val/garbage-mvzg3_000074.jpg
val,d8594b290dadd5cc,2,garbage-mvzg3_000101.jpg;garbage-mvzg3_000103.jpg,data/unified/images/val/garbage-mvzg3_000101.jpg;data/unified/images/val/garbage-mvzg3_000103.jpg
val,f27461afb0325959,2,garbage-mvzg3_000060.jpg;garbage-mvzg3_000061.jpg,data/unified/images/val/garbage-mvzg3_000060.jpg;data/unified/images/val/garbage-mvzg3_000061.jpg
val,fde5942404362b6f,2,garbage-8uzha_000158.jpg;garbage-mvzg3_000018.jpg,data/unified/images/val/garbage-8uzha_000158.jpg;data/unified/images/val/garbage-mvzg3_000018.jpg
val,807da723bc3c3cf0,1,garbage-mvzg3_000124.jpg,data/unified/images/val/garbage-mvzg3_000124.jpg
val,809e849cfe3e3e43,1,garbage-mvzg3_000071.jpg,data/unified/images/val/garbage-mvzg3_000071.jpg
val,812b4c3cb923e7da,1,garbage-8uzha_000275.jpg,data/unified/images/val/garbage-8uzha_000275.jpg
val,83a11eccdc927bc5,1,garbage-8uzha_000479.jpg,data/unified/images/val/garbage-8uzha_000479.jpg
val,88386c5c1fb0adcf,1,garbage-mvzg3_000033.jpg,data/unified/images/val/garbage-mvzg3_000033.jpg
val,883c78c01b3ee3cf,1,garbage-8uzha_000441.jpg,data/unified/images/val/garbage-8uzha_000441.jpg
val,894de51b5ee6a498,1,garbage-8uzha_000095.jpg,data/unified/images/val/garbage-8uzha_000095.jpg
val,8c2448cc1b1b3ffb,1,garbage-8uzha_000298.jpg,data/unified/images/val/garbage-8uzha_000298.jpg
val,8db8f0c798d6d491,1,garbage-mvzg3_000075.jpg,data/unified/images/val/garbage-mvzg3_000075.jpg
val,8ee23899b4e2a3d3,1,garbage-mvzg3_000107.jpg,data/unified/images/val/garbage-mvzg3_000107.jpg
val,8fc1981b3bf3a322,1,sidewalk-segmentation_000030.jpg,data/unified/images/val/sidewalk-segmentation_000030.jpg
val,917966ca47345e69,1,garbage-8uzha_000009.jpg,data/unified/images/val/garbage-8uzha_000009.jpg
val,952ebc4423d5c717,1,garbage-8uzha_000113.jpg,data/unified/images/val/garbage-8uzha_000113.jpg
val,95358e428998cf77,1,garbage-8uzha_000147.jpg,data/unified/images/val/garbage-8uzha_000147.jpg
val,96267ffcfc3800c1,1,garbage-8uzha_000195.jpg,data/unified/images/val/garbage-8uzha_000195.jpg
val,97525bcfe1212713,1,garbage-mvzg3_000002.jpg,data/unified/images/val/garbage-mvzg3_000002.jpg
val,9978668ebcb0a38e,1,garbage-mvzg3_000068.jpg,data/unified/images/val/garbage-mvzg3_000068.jpg
val,99bcd459c96ce829,1,garbage-8uzha_000163.jpg,data/unified/images/val/garbage-8uzha_000163.jpg
val,9f43707f20305d5e,1,garbage-8uzha_000272.jpg,data/unified/images/val/garbage-8uzha_000272.jpg
val,a434056fc746ecad,1,garbage-8uzha_000309.jpg,data/unified/images/val/garbage-8uzha_000309.jpg
val,a669d916cbe6188d,1,garbage-8uzha_000443.jpg,data/unified/images/val/garbage-8uzha_000443.jpg
val,a725a7854b955473,1,garbage-mvzg3_000117.jpg,data/unified/images/val/garbage-mvzg3_000117.jpg
val,ab5a3a3b5347c492,1,garbage-mvzg3_000078.jpg,data/unified/images/val/garbage-mvzg3_000078.jpg
val,aca6e49496b73272,1,garbage-mvzg3_000099.jpg,data/unified/images/val/garbage-mvzg3_000099.jpg
val,ad5485af94453f34,1,garbage-mvzg3_000032.jpg,data/unified/images/val/garbage-mvzg3_000032.jpg
val,ad953449b5f561d0,1,garbage-8uzha_000097.jpg,data/unified/images/val/garbage-8uzha_000097.jpg
val,ae0e8e4b9e3c9662,1,garbage-8uzha_000463.jpg,data/unified/images/val/garbage-8uzha_000463.jpg
val,b3115a69acd5ca8b,1,sidewalk-segmentation_000036.jpg,data/unified/images/val/sidewalk-segmentation_000036.jpg
val,bf38356131c724e5,1,garbage-8uzha_000440.jpg,data/unified/images/val/garbage-8uzha_000440.jpg
val,c0c0767dc1ed325e,1,sidewalk-segmentation_000234.jpg,data/unified/images/val/sidewalk-segmentation_000234.jpg
val,c26de35b860d7a43,1,garbage-mvzg3_000118.jpg,data/unified/images/val/garbage-mvzg3_000118.jpg
val,c31b7bd8ac906565,1,garbage-mvzg3_000120.jpg,data/unified/images/val/garbage-mvzg3_000120.jpg
val,c5b042c77467c6f4,1,garbage-mvzg3_000072.jpg,data/unified/images/val/garbage-mvzg3_000072.jpg
val,c7636060c3c397d7,1,garbage-mvzg3_000004.jpg,data/unified/images/val/garbage-mvzg3_000004.jpg
val,c9f8551ed8d8c11b,1,garbage-8uzha_000153.jpg,data/unified/images/val/garbage-8uzha_000153.jpg
val,cab59545adda9468,1,garbage-8uzha_000330.jpg,data/unified/images/val/garbage-8uzha_000330.jpg
val,cb360a2c77589c9b,1,garbage-mvzg3_000020.jpg,data/unified/images/val/garbage-mvzg3_000020.jpg
val,cd718433c3838fe9,1,garbage-mvzg3_000007.jpg,data/unified/images/val/garbage-mvzg3_000007.jpg
val,ce4e079783c54f4c,1,garbage-8uzha_000190.jpg,data/unified/images/val/garbage-8uzha_000190.jpg
val,d0d40d1b07d9f8f1,1,garbage-8uzha_000175.jpg,data/unified/images/val/garbage-8uzha_000175.jpg
val,d37e36848985f271,1,garbage-8uzha_000469.jpg,data/unified/images/val/garbage-8uzha_000469.jpg
val,d567662819596937,1,garbage-8uzha_000003.jpg,data/unified/images/val/garbage-8uzha_000003.jpg
val,d65ce2ac294e0e2f,1,garbage-mvzg3_000087.jpg,data/unified/images/val/garbage-mvzg3_000087.jpg
val,d9594b290dadd5c8,1,garbage-mvzg3_000102.jpg,data/unified/images/val/garbage-mvzg3_000102.jpg
val,d95b3a1aba2a2d25,1,garbage-8uzha_000423.jpg,data/unified/images/val/garbage-8uzha_000423.jpg
val,e389ebc546ea8516,1,garbage-8uzha_000410.jpg,data/unified/images/val/garbage-8uzha_000410.jpg
val,e40e5e14f0785f95,1,garbage-mvzg3_000070.jpg,data/unified/images/val/garbage-mvzg3_000070.jpg
val,e51974dbd8ca2a2a,1,garbage-mvzg3_000130.jpg,data/unified/images/val/garbage-mvzg3_000130.jpg
val,e767678e9ecc0414,1,garbage-mvzg3_000079.jpg,data/unified/images/val/garbage-mvzg3_000079.jpg
val,e8ff4206cf123bc8,1,garbage-mvzg3_000019.jpg,data/unified/images/val/garbage-mvzg3_000019.jpg
val,e9db291bb2924b49,1,garbage-8uzha_000106.jpg,data/unified/images/val/garbage-8uzha_000106.jpg
val,ee44cc598dcc6798,1,garbage-8uzha_000018.jpg,data/unified/images/val/garbage-8uzha_000018.jpg
val,f24a6b8f1b331a0b,1,garbage-8uzha_000024.jpg,data/unified/images/val/garbage-8uzha_000024.jpg
val,f89f546868a55e94,1,garbage-mvzg3_000057.jpg,data/unified/images/val/garbage-mvzg3_000057.jpg
val,fc1fcc9023734f14,1,garbage-mvzg3_000021.jpg,data/unified/images/val/garbage-mvzg3_000021.jpg
val,ffe3031f1f1c1406,1,garbage-8uzha_000141.jpg,data/unified/images/val/garbage-8uzha_000141.jpg
